{
    "Applications": {
        "UQ": {
            "Application": "Dakota-UQ",
            "ApplicationData": {
            }
        }
    },
    "EDP": [
        {
            "name": "eps_l1"
        },
        {
            "name": "eps_l2"
        },
        {
            "name": "eps_l3"
        },
        {
            "name": "eps_l4"
        },
        {
            "name": "eps_l5"
        },
        {
            "name": "eps_p1"
        },
        {
            "name": "eps_p2"
        },
        {
            "name": "eps_p3"
        },
        {
            "name": "eps_p4"
        },
        {
            "name": "eps_p5"
        }
    ],
    "UQ_Method": {
        "bayesianCalibrationMethodData": {
            "burnInSamples": 100,
            "chainSamples": 400,
            "chains": 4,
            "jumpStep": 5,
            "method": "DREAM",
            "seed": 107
        },
        "uqEngine": "Dakota",
        "uqType": "Inverse Problem"
    },
    "fem": {
        "dir": "{Current_Dir}/.",
        "inputFile": "{Current_Dir}/FrameModelPeriodCalibration.tcl",
        "mainInput": "FrameModelPeriodCalibration.tcl",
        "mainPostprocessScript": "",
        "numInputs": 1,
        "postprocessScript": "",
        "program": "OpenSees"
    },
    "localAppDir": "C:/Tools/quoFEM/quoFEM",
    "python": "python",
    "randomVariables": [
        {
            "distribution": "Uniform",
            "lowerbound": 500,
            "name": "Ic1",
            "refCount": 1,
            "upperbound": 2000,
            "value": "RV.Ic1",
            "variableClass": "Uncertain"
        },
        {
            "distribution": "Uniform",
            "lowerbound": 500,
            "name": "Ic2",
            "refCount": 1,
            "upperbound": 2000,
            "value": "RV.Ic2",
            "variableClass": "Uncertain"
        }
    ],
    "remoteAppDir": "/home1/00477/tg457427/SimCenterBackendApplications/May-2020",
    "uqResults": {
    },
    "workingDir": "C:/Workdir/quoFEM"
}
