{
    "Applications": {
        "UQ": {
            "Application": "Dakota-UQ",
            "ApplicationData": {
            }
        }
    },
    "EDP": [
        {
            "name": "eps_l1"
        },
        {
            "name": "eps_l2"
        },
        {
            "name": "eps_l3"
        },
        {
            "name": "eps_l4"
        },
        {
            "name": "eps_l5"
        },
        {
            "name": "eps_p1"
        },
        {
            "name": "eps_p2"
        },
        {
            "name": "eps_p3"
        },
        {
            "name": "eps_p4"
        },
        {
            "name": "eps_p5"
        }
    ],
    "UQ_Method": {
        "calibrationMethodData": {
            "convergenceTol": 1e-10,
            "factors": "",
            "maxIterations": 50,
            "method": "NL2SOL"
        },
        "uqEngine": "Dakota",
        "uqType": "Parameters Estimation"
    },
    "fem": {
        "dir": "{Current_Dir}/.",
        "inputFile": "{Current_Dir}/FrameModel.tcl",
        "mainInput": "FrameModel.tcl",
        "mainPostprocessScript": "",
        "numInputs": 1,
        "postprocessScript": "",
        "program": "OpenSees"
    },
    "localAppDir": "C:/Tools/quoFEM/quoFEM",
    "python": "python",
    "randomVariables": [
        {
            "distribution": "ContinuousDesign",
            "initialpoint": 1500,
            "lowerbound": 500,
            "name": "Ic1",
            "refCount": 2,
            "upperbound": 2000,
            "value": "RV.Ic1",
            "variableClass": "Design"
        },
        {
            "distribution": "ContinuousDesign",
            "initialpoint": 500,
            "lowerbound": 500,
            "name": "Ic2",
            "refCount": 2,
            "upperbound": 2000,
            "value": "RV.Ic2",
            "variableClass": "Design"
        }
    ],
    "remoteAppDir": "/home1/00477/tg457427/SimCenterBackendApplications/May-2020",
    "uqResults": {
    },
    "workingDir": "C:/Workdir/quoFEM"
}
