{
    "author": "SimCenter Site Response Tool",
    "basicSettings": {
        "OpenSeesPath": "/Users/simcenter/Codes/Research/OpenSees/bin/opensees",
        "dampingCoeff": 90.0,
        "dashpotCoeff": 360.0,
        "eSizeH": 0.25,
        "eSizeV": 0.25,
        "groundMotion": "/Users/simcenter/Codes/SimCenter/s3hark/Examples/Training/Examples/3D/SRT-GM-Input-yerbaNSvelocity-2DShaking.json",
        "groundWaterTable": 2.0,
        "rockDen": 2.5,
        "rockVs": 700.0,
        "simType": "3D2D",
        "slopex1": 1.145762838175103,
        "slopex2": -90.0
    },
    "materials": [
        {
            "Dr": 0.47,
            "PTAng": 26.0,
            "c": 0.1,
            "contrac1": 0.067,
            "contrac2": 5.0,
            "contrac3": 0.23,
            "cs1": 0.9,
            "cs2": 0.02,
            "cs3": 0.7,
            "dilat1": 0.06,
            "dilat2": 3.0,
            "dilat3": 0.27,
            "e": 0.77,
            "frictionAng": 32.0,
            "id": 1,
            "liquefac1": 1.0,
            "liquefac2": 0.0,
            "nd": 3.0,
            "noYieldSurf": 0.0,
            "pa": 101.0,
            "peakShearStra": 0.1,
            "pressDependCoe": 0.5,
            "refBulkModul": 220000.0,
            "refPress": 101.0,
            "refShearModul": 90000.0,
            "rho": 1.8,
            "type": "PDMY02"
        },
        {
            "Dr": 0.47,
            "PTAng": 26.0,
            "c": 0.1,
            "contrac1": 0.067,
            "contrac2": 5.0,
            "contrac3": 0.23,
            "cs1": 0.9,
            "cs2": 0.02,
            "cs3": 0.7,
            "dilat1": 0.06,
            "dilat2": 3.0,
            "dilat3": 0.27,
            "e": 0.77,
            "frictionAng": 32.0,
            "id": 2,
            "liquefac1": 1.0,
            "liquefac2": 0.0,
            "nd": 3.0,
            "noYieldSurf": 0.0,
            "pa": 101.0,
            "peakShearStra": 0.1,
            "pressDependCoe": 0.5,
            "refBulkModul": 220000.0,
            "refPress": 101.0,
            "refShearModul": 90000.0,
            "rho": 2.24,
            "type": "PDMY02"
        },
        {
            "Dr": 0.47,
            "PTAng": 26.0,
            "c": 0.1,
            "contrac1": 0.01,
            "contrac2": 5.0,
            "contrac3": 0.0,
            "cs1": 0.9,
            "cs2": 0.02,
            "cs3": 0.7,
            "dilat1": 0.35,
            "dilat2": 3.0,
            "dilat3": 0.0,
            "e": 0.47,
            "frictionAng": 39.0,
            "id": 3,
            "liquefac1": 1.0,
            "liquefac2": 0.0,
            "nd": 3.0,
            "noYieldSurf": 0.0,
            "pa": 101.0,
            "peakShearStra": 0.1,
            "pressDependCoe": 0.5,
            "refBulkModul": 260000.0,
            "refPress": 101.0,
            "refShearModul": 130000.0,
            "rho": 2.45,
            "type": "PDMY02"
        },
        {
            "E": 3185000.0,
            "density": 2.5,
            "id": 4,
            "poisson": 0.3,
            "type": "Elastic"
        }
    ],
    "name": "Configureation of Site Response Analysis of A Demo Site",
    "soilProfile": {
        "soilLayers": [
            {
                "Dr": 0.47,
                "color": "#64B5F6",
                "density": 1.8,
                "eSize": 0.5,
                "hPerm": 0.0981,
                "id": 1,
                "material": 1,
                "name": "Layer 1",
                "thickness": 2.0,
                "uBulk": 2200000.0,
                "vPerm": 0.0981,
                "void": 0.77,
                "vs": 180.0
            },
            {
                "Dr": 0.47,
                "color": "#899c9e",
                "density": 2.24,
                "eSize": 0.5,
                "hPerm": 9.81e-05,
                "id": 2,
                "material": 2,
                "name": "Layer 2",
                "thickness": 8.0,
                "uBulk": 2200000.0,
                "vPerm": 9.81e-05,
                "void": 0.77,
                "vs": 180.0
            },
            {
                "Dr": 0.47,
                "color": "#70943e",
                "density": 2.45,
                "eSize": 0.5,
                "hPerm": 0.0981,
                "id": 3,
                "material": 3,
                "name": "Layer 3",
                "thickness": 20.0,
                "uBulk": 2200000.0,
                "vPerm": 0.0981,
                "void": 0.47,
                "vs": 180.0
            },
            {
                "Dr": 0.4663,
                "color": "Black",
                "density": 2.5,
                "eSize": 0.0,
                "hPerm": 9.81e-07,
                "id": 4,
                "material": 4,
                "name": "Rock",
                "thickness": 0.0,
                "uBulk": 2200000.0,
                "vPerm": 9.81e-07,
                "void": 0.66011,
                "vs": 700.0
            }
        ]
    }
}
