{
    "Applications": {
        "EDP": {
            "Application": "StandardEarthquakeEDP",
            "ApplicationData": {
            }
        },
        "Events": [
            {
                "Application": "ExistingPEER_Events",
                "ApplicationData": {
                },
                "EventClassification": "Earthquake"
            }
        ],
        "Modeling": {
            "Application": "MDOF_BuildingModel",
            "ApplicationData": {
            }
        },
        "Simulation": {
            "Application": "OpenSees-Simulation",
            "ApplicationData": {
            }
        },
        "UQ": {
            "Application": "Dakota-UQ1",
            "ApplicationData": {
            }
        }
    },
    "EDP": {
        "type": "StandardEarthquakeEDP"
    },
    "Events": [
        {
            "EventClassification": "Earthquake",
            "Events": [
                {
                    "EventClassification": "Earthquake",
                    "Records": [
                        {
                            "dirn": 1,
                            "factor": 1.5,
                            "fileName": "elCentro.AT2",
                            "filePath": "{Current_Dir}/PeerEvents"
                        }
                    ],
                    "name": "elCentro",
                    "type": "PeerEvent"
                },
                {
                    "EventClassification": "Earthquake",
                    "Records": [
                        {
                            "dirn": 1,
                            "factor": 2,
                            "fileName": "Rinaldi228.AT2",
                            "filePath": "{Current_Dir}/PeerEvents"
                        }
                    ],
                    "name": "Rinaldi228",
                    "type": "PeerEvent"
                },
                {
                    "EventClassification": "Earthquake",
                    "Records": [
                        {
                            "dirn": 1,
                            "factor": 2,
                            "fileName": "Rinaldi318.AT2",
                            "filePath": "{Current_Dir}/PeerEvents"
                        }
                    ],
                    "name": "Rinaldi318",
                    "type": "PeerEvent"
                }
            ],
            "type": "ExistingPEER_Events"
        }
    ],
    "GeneralInformation": {
        "depth": 360,
        "height": 432,
        "location": {
            "latitude": 37.8716,
            "longitude": -124.272
        },
        "name": "",
        "planArea": 129600,
        "stories": 3,
        "units": {
            "force": "kips",
            "length": "in",
            "temperature": "C",
            "time": "sec"
        },
        "width": 360
    },
    "Simulation": {
        "Application": "OpenSees-Simulation",
        "algorithm": "Newton",
        "analysis": "Transient -numSubLevels 2 -numSubSteps 10",
        "convergenceTest": "NormUnbalance 1.0e-2 10",
        "dampingModel": "Rayleigh Damping",
        "dampingRatio": 0.02,
        "dampingRatioModal": 0.02,
        "firstMode": 1,
        "integration": "Newmark 0.5 0.25",
        "modalRayleighTangentRatio": 0,
        "numModesModal": 1,
        "rayleighTangent": "Initial",
        "secondMode": 0,
        "solver": "Umfpack"
    },
    "StructuralInformation": {
        "Bx": 0.1,
        "By": 0.1,
        "Fyx": 1000000,
        "Fyy": 1000000,
        "Krz": 10000000000,
        "Kx": 100,
        "Ky": 100,
        "ModelData": [
            {
                "Fyx": 1000000,
                "Fyy": 1000000,
                "Ktheta": 10000000000,
                "bx": 0.1,
                "by": 0.1,
                "height": 144,
                "kx": 100,
                "ky": 100,
                "weight": "RV.w"
            },
            {
                "Fyx": 1000000,
                "Fyy": 1000000,
                "Ktheta": 10000000000,
                "bx": 0.1,
                "by": 0.1,
                "height": 144,
                "kx": 100,
                "ky": 100,
                "weight": "RV.w"
            },
            {
                "Fyx": 1000000,
                "Fyy": 1000000,
                "Ktheta": 10000000000,
                "bx": 0.1,
                "by": 0.1,
                "height": 144,
                "kx": 100,
                "ky": 100,
                "weight": "RV.w"
            }
        ],
        "height": 144,
        "massX": 0,
        "massY": 0,
        "numStories": 3,
        "randomVar": [
        ],
        "responseX": 0,
        "responseY": 0,
        "type": "MDOF_BuildingModel",
        "weight": "RV.w"
    },
    "UQ_Method": {
        "samplingMethodData": {
            "method": "LHS",
            "samples": 100,
            "seed": 387
        },
        "uqEngine": "Dakota",
        "uqType": "Forward Propagation"
    },
    "localAppDir": "C:/SandBox/NHERI/2.1.0/EEUQ",
    "randomVariables": [
        {
            "distribution": "Normal",
            "mean": 250,
            "name": "w",
            "refCount": 1,
            "stdDev": 5,
            "value": "RV.w",
            "variableClass": "Uncertain"
        }
    ],
    "remoteAppDir": "C:/SandBox/NHERI/2.1.0/EEUQ",
    "runType": "runningLocal",
    "workingDir": "C:/Users/el7ad/Documents/EE-UQ/LocalWorkDir"
}
