{
    "Applications": {
        "EDP": {
            "Application": "StandardEarthquakeEDP",
            "ApplicationData": {
            }
        },
        "Events": [
            {
                "Application": "ExistingPEER_Events",
                "ApplicationData": {
                },
                "EventClassification": "Earthquake",
                "subtype": "PEER NGA Records"
            }
        ],
        "Modeling": {
            "Application": "MDOF_BuildingModel",
            "ApplicationData": {
            }
        },
        "Simulation": {
            "Application": "OpenSees-Simulation",
            "ApplicationData": {
            }
        },
        "UQ": {
            "Application": "Dakota-UQ1",
            "ApplicationData": {
            }
        }
    },
    "EDP": {
        "type": "StandardEarthquakeEDP"
    },
    "Events": [
        {
            "EventClassification": "Earthquake",
            "Events": [
                {
                    "EventClassification": "Earthquake",
                    "Records": [
                        {
                            "dirn": 1,
                            "factor": 6.6366,
                            "fileName": "RSN9_BORREGO_B-ELC000.AT2",
                            "filePath": "C:/Users/el7ad/AppData/Local/Temp.dXjgIo"
                        },
                        {
                            "dirn": 2,
                            "factor": 6.6366,
                            "fileName": "RSN9_BORREGO_B-ELC090.AT2",
                            "filePath": "C:/Users/el7ad/AppData/Local/Temp.dXjgIo"
                        }
                    ],
                    "name": "PEER-Record-9",
                    "type": "PeerEvent"
                },
                {
                    "EventClassification": "Earthquake",
                    "Records": [
                        {
                            "dirn": 1,
                            "factor": 6.3615,
                            "fileName": "RSN12_KERN.PEL_PEL090.AT2",
                            "filePath": "C:/Users/el7ad/AppData/Local/Temp.dXjgIo"
                        },
                        {
                            "dirn": 2,
                            "factor": 6.3615,
                            "fileName": "RSN12_KERN.PEL_PEL180.AT2",
                            "filePath": "C:/Users/el7ad/AppData/Local/Temp.dXjgIo"
                        }
                    ],
                    "name": "PEER-Record-12",
                    "type": "PeerEvent"
                },
                {
                    "EventClassification": "Earthquake",
                    "Records": [
                        {
                            "dirn": 1,
                            "factor": 2.5615,
                            "fileName": "RSN15_KERN_TAF021.AT2",
                            "filePath": "C:/Users/el7ad/AppData/Local/Temp.dXjgIo"
                        },
                        {
                            "dirn": 2,
                            "factor": 2.5615,
                            "fileName": "RSN15_KERN_TAF111.AT2",
                            "filePath": "C:/Users/el7ad/AppData/Local/Temp.dXjgIo"
                        }
                    ],
                    "name": "PEER-Record-15",
                    "type": "PeerEvent"
                },
                {
                    "EventClassification": "Earthquake",
                    "Records": [
                        {
                            "dirn": 1,
                            "factor": 8.1494,
                            "fileName": "RSN22_ELALAMO_ELC180.AT2",
                            "filePath": "C:/Users/el7ad/AppData/Local/Temp.dXjgIo"
                        },
                        {
                            "dirn": 2,
                            "factor": 8.1494,
                            "fileName": "RSN22_ELALAMO_ELC270.AT2",
                            "filePath": "C:/Users/el7ad/AppData/Local/Temp.dXjgIo"
                        }
                    ],
                    "name": "PEER-Record-22",
                    "type": "PeerEvent"
                },
                {
                    "EventClassification": "Earthquake",
                    "Records": [
                        {
                            "dirn": 1,
                            "factor": 6.2142,
                            "fileName": "RSN28_PARKF_C12050.AT2",
                            "filePath": "C:/Users/el7ad/AppData/Local/Temp.dXjgIo"
                        },
                        {
                            "dirn": 2,
                            "factor": 6.2142,
                            "fileName": "RSN28_PARKF_C12320.AT2",
                            "filePath": "C:/Users/el7ad/AppData/Local/Temp.dXjgIo"
                        }
                    ],
                    "name": "PEER-Record-28",
                    "type": "PeerEvent"
                },
                {
                    "EventClassification": "Earthquake",
                    "Records": [
                        {
                            "dirn": 1,
                            "factor": 3.4476,
                            "fileName": "RSN36_BORREGO_A-ELC180.AT2",
                            "filePath": "C:/Users/el7ad/AppData/Local/Temp.dXjgIo"
                        },
                        {
                            "dirn": 2,
                            "factor": 3.4476,
                            "fileName": "RSN36_BORREGO_A-ELC270.AT2",
                            "filePath": "C:/Users/el7ad/AppData/Local/Temp.dXjgIo"
                        }
                    ],
                    "name": "PEER-Record-36",
                    "type": "PeerEvent"
                },
                {
                    "EventClassification": "Earthquake",
                    "Records": [
                        {
                            "dirn": 1,
                            "factor": 9.7811,
                            "fileName": "RSN51_SFERN_PVE065.AT2",
                            "filePath": "C:/Users/el7ad/AppData/Local/Temp.dXjgIo"
                        },
                        {
                            "dirn": 2,
                            "factor": 9.7811,
                            "fileName": "RSN51_SFERN_PVE155.AT2",
                            "filePath": "C:/Users/el7ad/AppData/Local/Temp.dXjgIo"
                        }
                    ],
                    "name": "PEER-Record-51",
                    "type": "PeerEvent"
                },
                {
                    "EventClassification": "Earthquake",
                    "Records": [
                        {
                            "dirn": 1,
                            "factor": 43.1041,
                            "fileName": "RSN53_SFERN_BFA180.AT2",
                            "filePath": "C:/Users/el7ad/AppData/Local/Temp.dXjgIo"
                        },
                        {
                            "dirn": 2,
                            "factor": 43.1041,
                            "fileName": "RSN53_SFERN_BFA270.AT2",
                            "filePath": "C:/Users/el7ad/AppData/Local/Temp.dXjgIo"
                        }
                    ],
                    "name": "PEER-Record-53",
                    "type": "PeerEvent"
                },
                {
                    "EventClassification": "Earthquake",
                    "Records": [
                        {
                            "dirn": 1,
                            "factor": 38.6581,
                            "fileName": "RSN54_SFERN_BSF135.AT2",
                            "filePath": "C:/Users/el7ad/AppData/Local/Temp.dXjgIo"
                        },
                        {
                            "dirn": 2,
                            "factor": 38.6581,
                            "fileName": "RSN54_SFERN_BSF225.AT2",
                            "filePath": "C:/Users/el7ad/AppData/Local/Temp.dXjgIo"
                        }
                    ],
                    "name": "PEER-Record-54",
                    "type": "PeerEvent"
                },
                {
                    "EventClassification": "Earthquake",
                    "Records": [
                        {
                            "dirn": 1,
                            "factor": 31.5911,
                            "fileName": "RSN55_SFERN_BVP090.AT2",
                            "filePath": "C:/Users/el7ad/AppData/Local/Temp.dXjgIo"
                        },
                        {
                            "dirn": 2,
                            "factor": 31.5911,
                            "fileName": "RSN55_SFERN_BVP180.AT2",
                            "filePath": "C:/Users/el7ad/AppData/Local/Temp.dXjgIo"
                        }
                    ],
                    "name": "PEER-Record-55",
                    "type": "PeerEvent"
                },
                {
                    "EventClassification": "Earthquake",
                    "Records": [
                        {
                            "dirn": 1,
                            "factor": 54.6326,
                            "fileName": "RSN61_SFERN_C08051.AT2",
                            "filePath": "C:/Users/el7ad/AppData/Local/Temp.dXjgIo"
                        },
                        {
                            "dirn": 2,
                            "factor": 54.6326,
                            "fileName": "RSN61_SFERN_C08321.AT2",
                            "filePath": "C:/Users/el7ad/AppData/Local/Temp.dXjgIo"
                        }
                    ],
                    "name": "PEER-Record-61",
                    "type": "PeerEvent"
                },
                {
                    "EventClassification": "Earthquake",
                    "Records": [
                        {
                            "dirn": 1,
                            "factor": 41.1418,
                            "fileName": "RSN67_SFERN_ISD014.AT2",
                            "filePath": "C:/Users/el7ad/AppData/Local/Temp.dXjgIo"
                        },
                        {
                            "dirn": 2,
                            "factor": 41.1418,
                            "fileName": "RSN67_SFERN_ISD284.AT2",
                            "filePath": "C:/Users/el7ad/AppData/Local/Temp.dXjgIo"
                        }
                    ],
                    "name": "PEER-Record-67",
                    "type": "PeerEvent"
                },
                {
                    "EventClassification": "Earthquake",
                    "Records": [
                        {
                            "dirn": 1,
                            "factor": 32.1061,
                            "fileName": "RSN74_SFERN_MA1130.AT2",
                            "filePath": "C:/Users/el7ad/AppData/Local/Temp.dXjgIo"
                        },
                        {
                            "dirn": 2,
                            "factor": 32.1061,
                            "fileName": "RSN74_SFERN_MA1220.AT2",
                            "filePath": "C:/Users/el7ad/AppData/Local/Temp.dXjgIo"
                        }
                    ],
                    "name": "PEER-Record-74",
                    "type": "PeerEvent"
                },
                {
                    "EventClassification": "Earthquake",
                    "Records": [
                        {
                            "dirn": 1,
                            "factor": 33.7455,
                            "fileName": "RSN76_SFERN_MA3130.AT2",
                            "filePath": "C:/Users/el7ad/AppData/Local/Temp.dXjgIo"
                        },
                        {
                            "dirn": 2,
                            "factor": 33.7455,
                            "fileName": "RSN76_SFERN_MA3220.AT2",
                            "filePath": "C:/Users/el7ad/AppData/Local/Temp.dXjgIo"
                        }
                    ],
                    "name": "PEER-Record-76",
                    "type": "PeerEvent"
                },
                {
                    "EventClassification": "Earthquake",
                    "Records": [
                        {
                            "dirn": 1,
                            "factor": 50.4039,
                            "fileName": "RSN84_SFERN_SDC000.AT2",
                            "filePath": "C:/Users/el7ad/AppData/Local/Temp.dXjgIo"
                        },
                        {
                            "dirn": 2,
                            "factor": 50.4039,
                            "fileName": "RSN84_SFERN_SDC090.AT2",
                            "filePath": "C:/Users/el7ad/AppData/Local/Temp.dXjgIo"
                        }
                    ],
                    "name": "PEER-Record-84",
                    "type": "PeerEvent"
                },
                {
                    "EventClassification": "Earthquake",
                    "Records": [
                        {
                            "dirn": 1,
                            "factor": 22.2268,
                            "fileName": "RSN86_SFERN_SON033.AT2",
                            "filePath": "C:/Users/el7ad/AppData/Local/Temp.dXjgIo"
                        },
                        {
                            "dirn": 2,
                            "factor": 22.2268,
                            "fileName": "RSN86_SFERN_SON303.AT2",
                            "filePath": "C:/Users/el7ad/AppData/Local/Temp.dXjgIo"
                        }
                    ],
                    "name": "PEER-Record-86",
                    "type": "PeerEvent"
                }
            ],
            "TargetSpectrum": {
                "Sd1": "0.75",
                "Sds": "1.0",
                "SpectrumType": "Design Spectrum (ASCE 7-10)",
                "Tl": "12.0"
            },
            "components": "Two (Horizontal)",
            "distanceMax": "50.0",
            "distanceMin": "0.0",
            "distanceRange": false,
            "magnitudeMax": "8.0",
            "magnitudeMin": "5.0",
            "magnitudeRange": false,
            "records": "16",
            "type": "ExistingPEER_Events",
            "vs30Max": "300.0",
            "vs30Min": "150",
            "vs30Range": false
        }
    ],
    "GeneralInformation": {
        "depth": 360,
        "height": 432,
        "location": {
            "latitude": 37.8716,
            "longitude": -124.272
        },
        "name": "",
        "planArea": 129600,
        "stories": 3,
        "units": {
            "force": "kips",
            "length": "in",
            "temperature": "C",
            "time": "sec"
        },
        "width": 360
    },
    "Simulation": {
        "Application": "OpenSees-Simulation",
        "algorithm": "Newton",
        "analysis": "Transient -numSubLevels 2 -numSubSteps 10",
        "convergenceTest": "NormUnbalance 1.0e-2 10",
        "dampingModel": "Rayleigh Damping",
        "dampingRatio": 0.02,
        "dampingRatioModal": 0.02,
        "firstMode": 1,
        "integration": "Newmark 0.5 0.25",
        "modalRayleighTangentRatio": 0,
        "numModesModal": 1,
        "rayleighTangent": "Initial",
        "secondMode": 0,
        "solver": "Umfpack"
    },
    "StructuralInformation": {
        "Bx": 0.1,
        "By": 0.1,
        "Fyx": 1000000,
        "Fyy": 1000000,
        "Krz": 10000000000,
        "Kx": 100,
        "Ky": 100,
        "ModelData": [
            {
                "Fyx": 1000000,
                "Fyy": 1000000,
                "Ktheta": 10000000000,
                "bx": 0.1,
                "by": 0.1,
                "height": 144,
                "kx": 100,
                "ky": 100,
                "weight": "RV.w"
            },
            {
                "Fyx": 1000000,
                "Fyy": 1000000,
                "Ktheta": 10000000000,
                "bx": 0.1,
                "by": 0.1,
                "height": 144,
                "kx": 100,
                "ky": 100,
                "weight": "RV.w"
            },
            {
                "Fyx": 1000000,
                "Fyy": 1000000,
                "Ktheta": 10000000000,
                "bx": 0.1,
                "by": 0.1,
                "height": 144,
                "kx": 100,
                "ky": 100,
                "weight": "RV.w"
            }
        ],
        "height": 144,
        "massX": 0,
        "massY": 0,
        "numStories": 3,
        "randomVar": [
        ],
        "responseX": 0,
        "responseY": 0,
        "type": "MDOF_BuildingModel",
        "weight": "RV.w"
    },
    "UQ_Method": {
        "samplingMethodData": {
            "method": "LHS",
            "samples": 10,
            "seed": 387
        },
        "uqEngine": "Dakota",
        "uqType": "Forward Propagation"
    },
    "localAppDir": "C:/SandBox/NHERI/2.1.0/EEUQ",
    "randomVariables": [
        {
            "distribution": "Normal",
            "mean": 250,
            "name": "w",
            "refCount": 1,
            "stdDev": 5,
            "value": "RV.w",
            "variableClass": "Uncertain"
        }
    ],
    "remoteAppDir": "C:/SandBox/NHERI/2.1.0/EEUQ",
    "runType": "runningLocal",
    "workingDir": "C:/Users/el7ad/Documents/EE-UQ/LocalWorkDir"
}
