{
    "Applications": {
        "EDP": {
            "Application": "StandardEarthquakeEDP",
            "ApplicationData": {
            }
        },
        "Events": [
            {
                "Application": "ExistingPEER_Events",
                "ApplicationData": {
                },
                "EventClassification": "Earthquake",
                "subtype": "PEER NGA Records"
            }
        ],
        "Modeling": {
            "Application": "MDOF_BuildingModel",
            "ApplicationData": {
            }
        },
        "Simulation": {
            "Application": "OpenSees-Simulation",
            "ApplicationData": {
            }
        },
        "UQ": {
            "Application": "Dakota-UQ1",
            "ApplicationData": {
            }
        }
    },
    "EDP": {
        "type": "StandardEarthquakeEDP"
    },
    "Events": [
        {
            "EventClassification": "Earthquake",
            "Events": [
                {
                    "EventClassification": "Earthquake",
                    "Records": [
                        {
                            "dirn": 1,
                            "factor": 3.8547,
                            "fileName": "RSN12_KERN.PEL_PEL090.AT2",
                            "filePath": "C:/Users/el7ad/AppData/Local/Temp.dXjgIo"
                        },
                        {
                            "dirn": 2,
                            "factor": 3.8547,
                            "fileName": "RSN12_KERN.PEL_PEL180.AT2",
                            "filePath": "C:/Users/el7ad/AppData/Local/Temp.dXjgIo"
                        }
                    ],
                    "name": "PEER-Record-12",
                    "type": "PeerEvent"
                },
                {
                    "EventClassification": "Earthquake",
                    "Records": [
                        {
                            "dirn": 1,
                            "factor": 4.4039,
                            "fileName": "RSN13_KERN_PAS180.AT2",
                            "filePath": "C:/Users/el7ad/AppData/Local/Temp.dXjgIo"
                        },
                        {
                            "dirn": 2,
                            "factor": 4.4039,
                            "fileName": "RSN13_KERN_PAS270.AT2",
                            "filePath": "C:/Users/el7ad/AppData/Local/Temp.dXjgIo"
                        }
                    ],
                    "name": "PEER-Record-13",
                    "type": "PeerEvent"
                },
                {
                    "EventClassification": "Earthquake",
                    "Records": [
                        {
                            "dirn": 1,
                            "factor": 1.2443,
                            "fileName": "RSN20_NCALIF.FH_H-FRN044.AT2",
                            "filePath": "C:/Users/el7ad/AppData/Local/Temp.dXjgIo"
                        },
                        {
                            "dirn": 2,
                            "factor": 1.2443,
                            "fileName": "RSN20_NCALIF.FH_H-FRN314.AT2",
                            "filePath": "C:/Users/el7ad/AppData/Local/Temp.dXjgIo"
                        }
                    ],
                    "name": "PEER-Record-20",
                    "type": "PeerEvent"
                },
                {
                    "EventClassification": "Earthquake",
                    "Records": [
                        {
                            "dirn": 1,
                            "factor": 2.2373,
                            "fileName": "RSN36_BORREGO_A-ELC180.AT2",
                            "filePath": "C:/Users/el7ad/AppData/Local/Temp.dXjgIo"
                        },
                        {
                            "dirn": 2,
                            "factor": 2.2373,
                            "fileName": "RSN36_BORREGO_A-ELC270.AT2",
                            "filePath": "C:/Users/el7ad/AppData/Local/Temp.dXjgIo"
                        }
                    ],
                    "name": "PEER-Record-36",
                    "type": "PeerEvent"
                },
                {
                    "EventClassification": "Earthquake",
                    "Records": [
                        {
                            "dirn": 1,
                            "factor": 16.7443,
                            "fileName": "RSN37_BORREGO_A-PEL090.AT2",
                            "filePath": "C:/Users/el7ad/AppData/Local/Temp.dXjgIo"
                        },
                        {
                            "dirn": 2,
                            "factor": 16.7443,
                            "fileName": "RSN37_BORREGO_A-PEL180.AT2",
                            "filePath": "C:/Users/el7ad/AppData/Local/Temp.dXjgIo"
                        }
                    ],
                    "name": "PEER-Record-37",
                    "type": "PeerEvent"
                },
                {
                    "EventClassification": "Earthquake",
                    "Records": [
                        {
                            "dirn": 1,
                            "factor": 19.3335,
                            "fileName": "RSN38_BORREGO_A-TLI249.AT2",
                            "filePath": "C:/Users/el7ad/AppData/Local/Temp.dXjgIo"
                        },
                        {
                            "dirn": 2,
                            "factor": 19.3335,
                            "fileName": "RSN38_BORREGO_A-TLI339.AT2",
                            "filePath": "C:/Users/el7ad/AppData/Local/Temp.dXjgIo"
                        }
                    ],
                    "name": "PEER-Record-38",
                    "type": "PeerEvent"
                },
                {
                    "EventClassification": "Earthquake",
                    "Records": [
                        {
                            "dirn": 1,
                            "factor": 22.5801,
                            "fileName": "RSN39_BORREGO_A-PAS180.AT2",
                            "filePath": "C:/Users/el7ad/AppData/Local/Temp.dXjgIo"
                        },
                        {
                            "dirn": 2,
                            "factor": 22.5801,
                            "fileName": "RSN39_BORREGO_A-PAS270.AT2",
                            "filePath": "C:/Users/el7ad/AppData/Local/Temp.dXjgIo"
                        }
                    ],
                    "name": "PEER-Record-39",
                    "type": "PeerEvent"
                },
                {
                    "EventClassification": "Earthquake",
                    "Records": [
                        {
                            "dirn": 1,
                            "factor": 27.9252,
                            "fileName": "RSN53_SFERN_BFA180.AT2",
                            "filePath": "C:/Users/el7ad/AppData/Local/Temp.dXjgIo"
                        },
                        {
                            "dirn": 2,
                            "factor": 27.9252,
                            "fileName": "RSN53_SFERN_BFA270.AT2",
                            "filePath": "C:/Users/el7ad/AppData/Local/Temp.dXjgIo"
                        }
                    ],
                    "name": "PEER-Record-53",
                    "type": "PeerEvent"
                },
                {
                    "EventClassification": "Earthquake",
                    "Records": [
                        {
                            "dirn": 1,
                            "factor": 25.3217,
                            "fileName": "RSN54_SFERN_BSF135.AT2",
                            "filePath": "C:/Users/el7ad/AppData/Local/Temp.dXjgIo"
                        },
                        {
                            "dirn": 2,
                            "factor": 25.3217,
                            "fileName": "RSN54_SFERN_BSF225.AT2",
                            "filePath": "C:/Users/el7ad/AppData/Local/Temp.dXjgIo"
                        }
                    ],
                    "name": "PEER-Record-54",
                    "type": "PeerEvent"
                },
                {
                    "EventClassification": "Earthquake",
                    "Records": [
                        {
                            "dirn": 1,
                            "factor": 43.0306,
                            "fileName": "RSN60_SFERN_C02051.AT2",
                            "filePath": "C:/Users/el7ad/AppData/Local/Temp.dXjgIo"
                        },
                        {
                            "dirn": 2,
                            "factor": 43.0306,
                            "fileName": "RSN60_SFERN_C02321.AT2",
                            "filePath": "C:/Users/el7ad/AppData/Local/Temp.dXjgIo"
                        }
                    ],
                    "name": "PEER-Record-60",
                    "type": "PeerEvent"
                },
                {
                    "EventClassification": "Earthquake",
                    "Records": [
                        {
                            "dirn": 1,
                            "factor": 35.7722,
                            "fileName": "RSN61_SFERN_C08051.AT2",
                            "filePath": "C:/Users/el7ad/AppData/Local/Temp.dXjgIo"
                        },
                        {
                            "dirn": 2,
                            "factor": 35.7722,
                            "fileName": "RSN61_SFERN_C08321.AT2",
                            "filePath": "C:/Users/el7ad/AppData/Local/Temp.dXjgIo"
                        }
                    ],
                    "name": "PEER-Record-61",
                    "type": "PeerEvent"
                },
                {
                    "EventClassification": "Earthquake",
                    "Records": [
                        {
                            "dirn": 1,
                            "factor": 22.0764,
                            "fileName": "RSN74_SFERN_MA1130.AT2",
                            "filePath": "C:/Users/el7ad/AppData/Local/Temp.dXjgIo"
                        },
                        {
                            "dirn": 2,
                            "factor": 22.0764,
                            "fileName": "RSN74_SFERN_MA1220.AT2",
                            "filePath": "C:/Users/el7ad/AppData/Local/Temp.dXjgIo"
                        }
                    ],
                    "name": "PEER-Record-74",
                    "type": "PeerEvent"
                },
                {
                    "EventClassification": "Earthquake",
                    "Records": [
                        {
                            "dirn": 1,
                            "factor": 23.2973,
                            "fileName": "RSN76_SFERN_MA3130.AT2",
                            "filePath": "C:/Users/el7ad/AppData/Local/Temp.dXjgIo"
                        },
                        {
                            "dirn": 2,
                            "factor": 23.2973,
                            "fileName": "RSN76_SFERN_MA3220.AT2",
                            "filePath": "C:/Users/el7ad/AppData/Local/Temp.dXjgIo"
                        }
                    ],
                    "name": "PEER-Record-76",
                    "type": "PeerEvent"
                },
                {
                    "EventClassification": "Earthquake",
                    "Records": [
                        {
                            "dirn": 1,
                            "factor": 6.4534,
                            "fileName": "RSN82_SFERN_PHN180.AT2",
                            "filePath": "C:/Users/el7ad/AppData/Local/Temp.dXjgIo"
                        },
                        {
                            "dirn": 2,
                            "factor": 6.4534,
                            "fileName": "RSN82_SFERN_PHN270.AT2",
                            "filePath": "C:/Users/el7ad/AppData/Local/Temp.dXjgIo"
                        }
                    ],
                    "name": "PEER-Record-82",
                    "type": "PeerEvent"
                },
                {
                    "EventClassification": "Earthquake",
                    "Records": [
                        {
                            "dirn": 1,
                            "factor": 34.9308,
                            "fileName": "RSN84_SFERN_SDC000.AT2",
                            "filePath": "C:/Users/el7ad/AppData/Local/Temp.dXjgIo"
                        },
                        {
                            "dirn": 2,
                            "factor": 34.9308,
                            "fileName": "RSN84_SFERN_SDC090.AT2",
                            "filePath": "C:/Users/el7ad/AppData/Local/Temp.dXjgIo"
                        }
                    ],
                    "name": "PEER-Record-84",
                    "type": "PeerEvent"
                },
                {
                    "EventClassification": "Earthquake",
                    "Records": [
                        {
                            "dirn": 1,
                            "factor": 10.3304,
                            "fileName": "RSN90_SFERN_SBF042.AT2",
                            "filePath": "C:/Users/el7ad/AppData/Local/Temp.dXjgIo"
                        },
                        {
                            "dirn": 2,
                            "factor": 10.3304,
                            "fileName": "RSN90_SFERN_SBF132.AT2",
                            "filePath": "C:/Users/el7ad/AppData/Local/Temp.dXjgIo"
                        }
                    ],
                    "name": "PEER-Record-90",
                    "type": "PeerEvent"
                }
            ],
            "TargetSpectrum": {
                "Edition": "2014",
                "ReturnPeriod": "2500",
                "SpectrumType": "Uniform Hazard Spectrum (USGS NSHMP)",
                "Vs30": "180"
            },
            "components": "Two (Horizontal)",
            "distanceMax": "50.0",
            "distanceMin": "0.0",
            "distanceRange": false,
            "magnitudeMax": "8.0",
            "magnitudeMin": "5.0",
            "magnitudeRange": false,
            "records": "16",
            "type": "ExistingPEER_Events",
            "vs30Max": "300.0",
            "vs30Min": "150",
            "vs30Range": false
        }
    ],
    "GeneralInformation": {
        "depth": 360,
        "height": 432,
        "location": {
            "latitude": 37.8716,
            "longitude": -124.272
        },
        "name": "",
        "planArea": 129600,
        "stories": 3,
        "units": {
            "force": "kips",
            "length": "in",
            "temperature": "C",
            "time": "sec"
        },
        "width": 360
    },
    "Simulation": {
        "Application": "OpenSees-Simulation",
        "algorithm": "Newton",
        "analysis": "Transient -numSubLevels 2 -numSubSteps 10",
        "convergenceTest": "NormUnbalance 1.0e-2 10",
        "dampingModel": "Rayleigh Damping",
        "dampingRatio": 0.02,
        "dampingRatioModal": 0.02,
        "firstMode": 1,
        "integration": "Newmark 0.5 0.25",
        "modalRayleighTangentRatio": 0,
        "numModesModal": 1,
        "rayleighTangent": "Initial",
        "secondMode": 0,
        "solver": "Umfpack"
    },
    "StructuralInformation": {
        "Bx": 0.1,
        "By": 0.1,
        "Fyx": 1000000,
        "Fyy": 1000000,
        "Krz": 10000000000,
        "Kx": 100,
        "Ky": 100,
        "ModelData": [
            {
                "Fyx": 1000000,
                "Fyy": 1000000,
                "Ktheta": 10000000000,
                "bx": 0.1,
                "by": 0.1,
                "height": 144,
                "kx": 100,
                "ky": 100,
                "weight": "RV.w"
            },
            {
                "Fyx": 1000000,
                "Fyy": 1000000,
                "Ktheta": 10000000000,
                "bx": 0.1,
                "by": 0.1,
                "height": 144,
                "kx": 100,
                "ky": 100,
                "weight": "RV.w"
            },
            {
                "Fyx": 1000000,
                "Fyy": 1000000,
                "Ktheta": 10000000000,
                "bx": 0.1,
                "by": 0.1,
                "height": 144,
                "kx": 100,
                "ky": 100,
                "weight": "RV.w"
            }
        ],
        "height": 144,
        "massX": 0,
        "massY": 0,
        "numStories": 3,
        "randomVar": [
        ],
        "responseX": 0,
        "responseY": 0,
        "type": "MDOF_BuildingModel",
        "weight": "RV.w"
    },
    "UQ_Method": {
        "samplingMethodData": {
            "method": "LHS",
            "samples": 100,
            "seed": 387
        },
        "uqEngine": "Dakota",
        "uqType": "Forward Propagation"
    },
    "localAppDir": "C:/SandBox/NHERI/2.1.0/EEUQ",
    "randomVariables": [
        {
            "distribution": "Normal",
            "mean": 250,
            "name": "w",
            "refCount": 1,
            "stdDev": 5,
            "value": "RV.w",
            "variableClass": "Uncertain"
        }
    ],
    "remoteAppDir": "C:/SandBox/NHERI/2.1.0/EEUQ",
    "runType": "runningLocal",
    "workingDir": "C:/Users/el7ad/Documents/EE-UQ/LocalWorkDir"
}
