{
  "Name": "Slender Concrete Wall, 30\" thick, 12' high, 20' long",
  "QuantityUnit": [
    144,
    "SF"
  ],
  "Directional": true,
  "Correlated": false,
  "EDP": {
    "Type": "Effective Drift",
    "Unit": [
      1,
      "ea"
    ],
    "Offset": 0
  },
  "GeneralInformation": {
    "ID": "B1044.112",
    "Description": "Slender concrete shear wall with aspect ratio greater than or equal to 2.0.  Costing assumes a 144 ft^2 wall panel.",
    "Author": "Not Given",
    "Official": true,
    "DateCreated": "2019-02-19T17:49:28.1582888-08:00",
    "Approved": true,
    "Incomplete": false,
    "Notes": "None"
  },
  "Ratings": {
    "DataQuality": "Superior",
    "DataRelevance": "Superior",
    "Documentation": "Superior",
    "Rationality": "Superior"
  },
  "DSGroups": [
    {
      "MedianEDP": 0.009300000000000001,
      "Beta": 0.5,
      "CurveType": "LogNormal",
      "DSGroupType": "Single",
      "DamageStates": [
        {
          "Weight": 1.0,
          "LongLeadTime": false,
          "Consequences": {
            "RedTag": {
              "Amount": 0.0,
              "Beta": 0.0,
              "CurveType": "Normal",
              "Bounds": [
                0.0,
                1.0
              ]
            },
            "ReconstructionCost": {
              "Amount": [
                15750.0,
                10710.0
              ],
              "Quantity": [
                3.0,
                7.0
              ],
              "CurveType": "LogNormal",
              "Beta": 0.2237,
              "Bounds": [
                0,
                "None"
              ]
            },
            "ReconstructionTime": {
              "Amount": [
                12.2759,
                8.3477
              ],
              "Quantity": [
                3.0,
                7.0
              ],
              "CurveType": "LogNormal",
              "Beta": 0.3355,
              "Bounds": [
                0,
                "None"
              ]
            }
          },
          "Description": "Spalling of cover, vertical cracks greater than 1/16 inch.",
          "RepairMeasures": "Epoxy inject cracks and patch spalled concrete.",
          "DamageImageName": "B1044.091-DS1-1.JPG"
        }
      ]
    },
    {
      "MedianEDP": 0.0128,
      "Beta": 0.35,
      "CurveType": "LogNormal",
      "DSGroupType": "Single",
      "DamageStates": [
        {
          "Weight": 1.0,
          "LongLeadTime": false,
          "Consequences": {
            "RedTag": {
              "Amount": 0.25,
              "Beta": 0.5,
              "CurveType": "Normal",
              "Bounds": [
                0.0,
                1.0
              ]
            },
            "ReconstructionCost": {
              "Amount": [
                44400.0,
                30192.0
              ],
              "Quantity": [
                3.0,
                7.0
              ],
              "CurveType": "Normal",
              "Beta": 0.1887,
              "Bounds": [
                0,
                "None"
              ]
            },
            "ReconstructionTime": {
              "Amount": [
                34.6124,
                23.5385
              ],
              "Quantity": [
                3.0,
                7.0
              ],
              "CurveType": "Normal",
              "Beta": 0.3132,
              "Bounds": [
                0,
                "None"
              ]
            }
          },
          "Description": "Exposed longitudinal reinforcing.",
          "RepairMeasures": "Shore wall, remove all concrete in damaged regions, replace concrete.  ",
          "DamageImageName": "B1044.091-DS2-1.JPG"
        }
      ]
    },
    {
      "MedianEDP": 0.018600000000000002,
      "Beta": 0.45,
      "CurveType": "LogNormal",
      "DSGroupType": "Single",
      "DamageStates": [
        {
          "Weight": 1.0,
          "LongLeadTime": false,
          "Consequences": {
            "RedTag": {
              "Amount": 0.1,
              "Beta": 0.5,
              "CurveType": "Normal",
              "Bounds": [
                0.0,
                1.0
              ]
            },
            "ReconstructionCost": {
              "Amount": [
                63990.0,
                43513.2
              ],
              "Quantity": [
                3.0,
                7.0
              ],
              "CurveType": "LogNormal",
              "Beta": 0.1388,
              "Bounds": [
                0,
                "None"
              ]
            },
            "ReconstructionTime": {
              "Amount": [
                49.8773,
                33.9175
              ],
              "Quantity": [
                3.0,
                7.0
              ],
              "CurveType": "LogNormal",
              "Beta": 0.2859,
              "Bounds": [
                0,
                "None"
              ]
            }
          },
          "Description": "Core concrete damage, buckled reinforcing, fractured reinforcing, shear failure, web failure, bond slip",
          "RepairMeasures": "Replace wall or reinforce with R/C jacket if possible.  Shore floor and wall, remove damaged concrete and steel within one development length of damaged region, replace removed concrete and steel.",
          "DamageImageName": "B1044.091-DS3-1.JPG"
        }
      ]
    }
  ]
}