{
  "Name": "Precast Concrete Panels 4.5 inches thick - out of plane deformation",
  "QuantityUnit": [
    30,
    "LF"
  ],
  "Directional": false,
  "Correlated": false,
  "EDP": {
    "Type": "Peak Floor Acceleration",
    "Unit": [
      1,
      "g"
    ],
    "Offset": 0
  },
  "GeneralInformation": {
    "ID": "B2011.201b",
    "Description": "Costing is based upon 30'x13' panels.",
    "Author": "By User",
    "Official": true,
    "DateCreated": "2019-02-19T17:49:52.3860183-08:00",
    "Approved": true,
    "Incomplete": false,
    "Notes": "Determine fragility peak floor acceleration anchorage capacity in accordance with Chapter 7 of Volume 2."
  },
  "Ratings": {
    "DataQuality": "By User",
    "DataRelevance": "By User",
    "Documentation": "By User",
    "Rationality": "By User"
  },
  "DSGroups": [
    {
      "MedianEDP": 2.0,
      "Beta": 0.4,
      "CurveType": "LogNormal",
      "DSGroupType": "Single",
      "DamageStates": [
        {
          "Weight": 1.0,
          "LongLeadTime": false,
          "Consequences": {
            "RedTag": {
              "Amount": 0.25,
              "Beta": 0.5,
              "CurveType": "Normal",
              "Bounds": [
                0.0,
                1.0
              ]
            },
            "ReconstructionCost": {
              "Amount": [
                82361.5,
                50684.0
              ],
              "Quantity": [
                2.0,
                8.0
              ],
              "CurveType": "Normal",
              "Beta": 0.1946,
              "Bounds": [
                0,
                "None"
              ]
            },
            "ReconstructionTime": {
              "Amount": [
                12.1161,
                7.4576
              ],
              "Quantity": [
                2.0,
                8.0
              ],
              "CurveType": "Normal",
              "Beta": 0.3168,
              "Bounds": [
                0,
                "None"
              ]
            }
          },
          "Description": "Cladding units damaged by out of plane anchorage failure.  Unit requires replacement.",
          "RepairMeasures": "By User - Replace cladding panel."
        }
      ]
    }
  ]
}