{
  "Name": "Wall Partition, Type: Gypsum with wood studs, Full Height, Fixed Below, Fixed Above",
  "QuantityUnit": [
    100,
    "LF"
  ],
  "Directional": true,
  "Correlated": false,
  "EDP": {
    "Type": "Story Drift Ratio",
    "Unit": [
      1,
      "ea"
    ],
    "Offset": 0
  },
  "GeneralInformation": {
    "ID": "C1011.011a",
    "Description": "Quantity is based upon 13'x100' Panels.  Quantity of wall damaged varies by damage state.",
    "Author": "Not Given",
    "Official": true,
    "DateCreated": "2019-02-19T17:50:14.3464282-08:00",
    "Approved": true,
    "Incomplete": false,
    "Notes": "None"
  },
  "Ratings": {
    "DataQuality": "Superior",
    "DataRelevance": "Superior",
    "Documentation": "Superior",
    "Rationality": "Not Rated"
  },
  "DSGroups": [
    {
      "MedianEDP": 0.0021,
      "Beta": 0.6,
      "CurveType": "LogNormal",
      "DSGroupType": "Single",
      "DamageStates": [
        {
          "Weight": 1.0,
          "LongLeadTime": false,
          "Consequences": {
            "ReconstructionCost": {
              "Amount": [
                4340.0,
                1302.0
              ],
              "Quantity": [
                1.0,
                10.0
              ],
              "CurveType": "Normal",
              "Beta": 0.4586,
              "Bounds": [
                0,
                "None"
              ]
            },
            "ReconstructionTime": {
              "Amount": [
                3.3813,
                1.0135
              ],
              "Quantity": [
                1.0,
                10.0
              ],
              "CurveType": "Normal",
              "Beta": 0.5223,
              "Bounds": [
                0,
                "None"
              ]
            }
          },
          "Description": "Cracking of paint over fasteners or joints.",
          "RepairMeasures": "Gypsum wallboard repaired by replacing the tape along the seam of two adjacent panels, applying new joint compound, sanding, and repainting."
        }
      ]
    },
    {
      "MedianEDP": 0.0071,
      "Beta": 0.45,
      "CurveType": "LogNormal",
      "DSGroupType": "MutuallyExclusive",
      "DamageStates": [
        {
          "Weight": 0.8,
          "LongLeadTime": false,
          "Consequences": {
            "ReconstructionCost": {
              "Amount": [
                11100.0,
                3330.0
              ],
              "Quantity": [
                1.0,
                10.0
              ],
              "CurveType": "Normal",
              "Beta": 0.4859,
              "Bounds": [
                0,
                "None"
              ]
            },
            "ReconstructionTime": {
              "Amount": [
                8.6157,
                2.5597
              ],
              "Quantity": [
                1.0,
                10.0
              ],
              "CurveType": "Normal",
              "Beta": 0.5465,
              "Bounds": [
                0,
                "None"
              ]
            }
          },
          "Description": "Local and global buckling out-of-plane and crushing of gypsum wallboards.  Studs are typically not damaged by failure of the gypsum wallboard.",
          "RepairMeasures": "Replace 25 feet of the affected panel along with the application of new tape, joint compound, followed by sanding and repainting.  Studs are not damaged."
        },
        {
          "Weight": 0.2,
          "LongLeadTime": false,
          "Consequences": {
            "ReconstructionCost": {
              "Amount": [
                33900.0,
                10170.0
              ],
              "Quantity": [
                1.0,
                10.0
              ],
              "CurveType": "LogNormal",
              "Beta": 0.2351,
              "Bounds": [
                0,
                "None"
              ]
            },
            "ReconstructionTime": {
              "Amount": [
                26.471,
                7.9756
              ],
              "Quantity": [
                1.0,
                10.0
              ],
              "CurveType": "LogNormal",
              "Beta": 0.3432,
              "Bounds": [
                0,
                "None"
              ]
            }
          },
          "Description": "Local and global buckling out-of-plane and crushing of gypsum wallboards.  Studs are typically not damaged by failure of the gypsum wallboard.",
          "RepairMeasures": "Replace 100 feet of the affected panel along with the application of new tape, joint compound, followed by sanding and repainting.  Studs are not damaged."
        }
      ]
    }
  ]
}