{
  "Name": "Suspended Ceiling, SDC D,E (Ip=1.0), Area (A): A < 250, Vert & Lat support",
  "QuantityUnit": [
    250,
    "SF"
  ],
  "Directional": false,
  "Correlated": false,
  "EDP": {
    "Type": "Peak Floor Acceleration",
    "Unit": [
      1,
      "g"
    ],
    "Offset": 1
  },
  "GeneralInformation": {
    "ID": "C3032.003a",
    "Description": "Costing for each 250 SF Unit, Suspended Lay-in Acoustic Tile Ceiling, Support:  Vertical hanging wire, diagonal wires, and compression posts, 2 inch wide ledger support angles at wall and oversize holes around tile openings.   Includes lighting fixtures in suspended ceiling.",
    "Author": "Not Given",
    "Official": true,
    "DateCreated": "2019-02-19T17:50:31.225363-08:00",
    "Approved": true,
    "Incomplete": false,
    "Notes": "None"
  },
  "Ratings": {
    "DataQuality": "Marginal",
    "DataRelevance": "Superior",
    "Documentation": "Marginal",
    "Rationality": "Average"
  },
  "DSGroups": [
    {
      "MedianEDP": 1.6,
      "Beta": 0.3,
      "CurveType": "LogNormal",
      "DSGroupType": "Single",
      "DamageStates": [
        {
          "Weight": 1.0,
          "LongLeadTime": false,
          "Consequences": {
            "Injuries": [
              {
                "Amount": 0.0,
                "Beta": 0.0,
                "CurveType": "Normal",
                "Bounds": [
                  0.0,
                  1.0
                ]
              },
              {
                "Amount": 0.0,
                "Beta": 0.0,
                "CurveType": "Normal",
                "Bounds": [
                  0.0,
                  1.0
                ]
              }
            ],
            "ReconstructionCost": {
              "Amount": [
                725.0,
                217.5
              ],
              "Quantity": [
                1.0,
                10.0
              ],
              "CurveType": "Normal",
              "Beta": 0.5508,
              "Bounds": [
                0,
                "None"
              ]
            },
            "ReconstructionTime": {
              "Amount": [
                0.6965,
                0.2114
              ],
              "Quantity": [
                1.0,
                10.0
              ],
              "CurveType": "Normal",
              "Beta": 0.6049,
              "Bounds": [
                0,
                "None"
              ]
            }
          },
          "Description": "5 % of ceiling grid and tile damage.  ",
          "RepairMeasures": "Reinstall, repair, or replace 5% of the ceiling area.",
          "AffectedArea": [
            0,
            "SF"
          ]
        }
      ]
    },
    {
      "MedianEDP": 1.95,
      "Beta": 0.3,
      "CurveType": "LogNormal",
      "DSGroupType": "Single",
      "DamageStates": [
        {
          "Weight": 1.0,
          "LongLeadTime": false,
          "Consequences": {
            "Injuries": [
              {
                "Amount": 0.0,
                "Beta": 0.0,
                "CurveType": "Normal",
                "Bounds": [
                  0.0,
                  1.0
                ]
              },
              {
                "Amount": 0.0,
                "Beta": 0.0,
                "CurveType": "Normal",
                "Bounds": [
                  0.0,
                  1.0
                ]
              }
            ],
            "ReconstructionCost": {
              "Amount": [
                5675.0,
                1702.5
              ],
              "Quantity": [
                1.0,
                10.0
              ],
              "CurveType": "LogNormal",
              "Beta": 0.5183,
              "Bounds": [
                0,
                "None"
              ]
            },
            "ReconstructionTime": {
              "Amount": [
                5.4123,
                1.6151
              ],
              "Quantity": [
                1.0,
                10.0
              ],
              "CurveType": "LogNormal",
              "Beta": 0.5755,
              "Bounds": [
                0,
                "None"
              ]
            }
          },
          "Description": "30% of ceiling grid and tile damage.",
          "RepairMeasures": "Replace 30% of the ceiling area.",
          "AffectedArea": [
            0,
            "SF"
          ]
        }
      ]
    },
    {
      "MedianEDP": 2.07,
      "Beta": 0.3,
      "CurveType": "LogNormal",
      "DSGroupType": "Single",
      "DamageStates": [
        {
          "Weight": 1.0,
          "LongLeadTime": false,
          "Consequences": {
            "Injuries": [
              {
                "Amount": 0.1,
                "Beta": 0.5,
                "CurveType": "Normal",
                "Bounds": [
                  0.0,
                  1.0
                ]
              },
              {
                "Amount": 0.0,
                "Beta": 0.0,
                "CurveType": "Normal",
                "Bounds": [
                  0.0,
                  1.0
                ]
              }
            ],
            "ReconstructionCost": {
              "Amount": [
                11675.0,
                3502.5
              ],
              "Quantity": [
                1.0,
                10.0
              ],
              "CurveType": "LogNormal",
              "Beta": 0.2026,
              "Bounds": [
                0,
                "None"
              ]
            },
            "ReconstructionTime": {
              "Amount": [
                11.155,
                3.343
              ],
              "Quantity": [
                1.0,
                10.0
              ],
              "CurveType": "LogNormal",
              "Beta": 0.3218,
              "Bounds": [
                0,
                "None"
              ]
            }
          },
          "Description": "50% of ceiling grid and tile damage.",
          "RepairMeasures": "Replace the entire ceiling ",
          "AffectedArea": [
            250,
            "SF"
          ]
        }
      ]
    }
  ]
}