{
  "Name": "Traction Elevator \u2013 Applies to most California Installations 1976 or later, most western states installations 1982 or later and most other U.S installations 1998 or later.",
  "QuantityUnit": [
    1,
    "EA"
  ],
  "Directional": false,
  "Correlated": false,
  "EDP": {
    "Type": "Peak Floor Acceleration",
    "Unit": [
      1,
      "g"
    ],
    "Offset": 0
  },
  "GeneralInformation": {
    "ID": "D1014.011",
    "Description": "Costing per elevator.  Elevator demand parameter shall be defined as the peak floor acceleration at the first floor.  The elevator fragility for a multiple story building should only be entered once on the first floor.",
    "Author": "Not Given",
    "Official": true,
    "DateCreated": "2019-02-19T17:50:35.4880838-08:00",
    "Approved": true,
    "Incomplete": false,
    "Notes": "None"
  },
  "Ratings": {
    "DataQuality": "Not Rated",
    "DataRelevance": "Not Rated",
    "Documentation": "Not Rated",
    "Rationality": "Not Rated"
  },
  "DSGroups": [
    {
      "MedianEDP": 0.39,
      "Beta": 0.45,
      "CurveType": "LogNormal",
      "DSGroupType": "Simultaneous",
      "DamageStates": [
        {
          "Weight": 0.26,
          "LongLeadTime": true,
          "Consequences": {
            "Injuries": [
              {
                "Amount": 0.0,
                "Beta": 0.0,
                "CurveType": "Normal",
                "Bounds": [
                  0.0,
                  1.0
                ]
              },
              {
                "Amount": 0.0,
                "Beta": 0.0,
                "CurveType": "Normal",
                "Bounds": [
                  0.0,
                  1.0
                ]
              }
            ],
            "ReconstructionCost": {
              "Amount": [
                8800.0,
                2640.0
              ],
              "Quantity": [
                5.0,
                10.0
              ],
              "CurveType": "LogNormal",
              "Beta": 0.8741,
              "Bounds": [
                0,
                "None"
              ]
            },
            "ReconstructionTime": {
              "Amount": [
                8.4118,
                2.5235
              ],
              "Quantity": [
                5.0,
                10.0
              ],
              "CurveType": "LogNormal",
              "Beta": 0.9091,
              "Bounds": [
                0,
                "None"
              ]
            }
          },
          "Description": "Controller anchorage failed, and or machine anchorage failed, and or motor generator anchorage failed, and or governor anchorage failed, and or rope guard failures.",
          "RepairMeasures": "Multiple repairs possible (% change of each):  Reinstall or replace controller (4%), and or reinstall or replace motor generator (63%), and or Install new generator with appropriate anchors (23%), and or Install new governor (7%), and or Reinstall or replace rope guards (15%).",
          "DamageImageName": "D1014.010-DS1-1.JPG",
          "AffectedArea": [
            0,
            "SF"
          ]
        },
        {
          "Weight": 0.79,
          "LongLeadTime": true,
          "Consequences": {
            "Injuries": [
              {
                "Amount": 0.0,
                "Beta": 0.0,
                "CurveType": "Normal",
                "Bounds": [
                  0.0,
                  1.0
                ]
              },
              {
                "Amount": 0.0,
                "Beta": 0.0,
                "CurveType": "Normal",
                "Bounds": [
                  0.0,
                  1.0
                ]
              }
            ],
            "ReconstructionCost": {
              "Amount": [
                37400.0,
                11220.0
              ],
              "Quantity": [
                5.0,
                10.0
              ],
              "CurveType": "Normal",
              "Beta": 0.2776,
              "Bounds": [
                0,
                "None"
              ]
            },
            "ReconstructionTime": {
              "Amount": [
                35.75,
                10.725
              ],
              "Quantity": [
                5.0,
                10.0
              ],
              "CurveType": "Normal",
              "Beta": 0.3735,
              "Bounds": [
                0,
                "None"
              ]
            }
          },
          "Description": "Rail distortion, and or intermediate bracket separate and spread, and or counterweight bracket break or bend, and or car bracket break or bend, and or car guide shoes damaged, and or counterweight guide shoes damaged, and or counterweight frame distortion, and or tail sheave dislodged and/or twisted",
          "RepairMeasures": "Multiple repairs possible (% change of each):  Replace rail (62%), and or replace bracket or tie rod (28%), and or replace counterweight bracket 14%), and or replace intermediate bracket (28%), and or replace car guide shoes (35%), and or replace counterweight guide shoe (28%), and or repair or replace counterweight frame (28%), and or repair or replace tail sheave (1%)",
          "DamageImageName": "D1014.010-DS2-6.JPG",
          "AffectedArea": [
            0,
            "SF"
          ]
        },
        {
          "Weight": 0.68,
          "LongLeadTime": true,
          "Consequences": {
            "Injuries": [
              {
                "Amount": 0.0,
                "Beta": 0.0,
                "CurveType": "Normal",
                "Bounds": [
                  0.0,
                  1.0
                ]
              },
              {
                "Amount": 0.0,
                "Beta": 0.0,
                "CurveType": "Normal",
                "Bounds": [
                  0.0,
                  1.0
                ]
              }
            ],
            "ReconstructionCost": {
              "Amount": [
                32000.0,
                9600.0
              ],
              "Quantity": [
                5.0,
                10.0
              ],
              "CurveType": "Normal",
              "Beta": 0.4083,
              "Bounds": [
                0,
                "None"
              ]
            },
            "ReconstructionTime": {
              "Amount": [
                30.5882,
                9.1765
              ],
              "Quantity": [
                5.0,
                10.0
              ],
              "CurveType": "Normal",
              "Beta": 0.4788,
              "Bounds": [
                0,
                "None"
              ]
            }
          },
          "Description": "Cab stabilizers bent, or cab walls damaged, or cab doors damaged.",
          "RepairMeasures": "Multiple repairs possible (% change of each):  Repair or replace cab walls (3%), and or repair or replace cab doors (17%), and or repair or replace cab stabilizers (92%) ",
          "AffectedArea": [
            0,
            "SF"
          ]
        },
        {
          "Weight": 0.17,
          "LongLeadTime": true,
          "Consequences": {
            "Injuries": [
              {
                "Amount": 0.1,
                "Beta": 0.5,
                "CurveType": "Normal",
                "Bounds": [
                  0.0,
                  1.0
                ]
              },
              {
                "Amount": 0.05,
                "Beta": 0.5,
                "CurveType": "Normal",
                "Bounds": [
                  0.0,
                  1.0
                ]
              }
            ],
            "ReconstructionCost": {
              "Amount": [
                5000.0,
                1500.0
              ],
              "Quantity": [
                5.0,
                10.0
              ],
              "CurveType": "Normal",
              "Beta": 0.4877,
              "Bounds": [
                0,
                "None"
              ]
            },
            "ReconstructionTime": {
              "Amount": [
                4.7794,
                1.4338
              ],
              "Quantity": [
                5.0,
                10.0
              ],
              "CurveType": "Normal",
              "Beta": 0.548,
              "Bounds": [
                0,
                "None"
              ]
            }
          },
          "Description": "Cab ceiling damaged.",
          "RepairMeasures": "Multiple repairs possible (% change of each):  Repair or replace cab ceiling (100%)",
          "DamageImageName": "D1014.010-DS4-1.JPG",
          "AffectedArea": [
            40,
            "SF"
          ]
        }
      ]
    }
  ]
}