{
  "Name": "Cold or Hot Potable  - Small Diameter Threaded Steel - (2.5 inches in diameter or less), SDC D, E, or F, BRACING FRAGILITY",
  "QuantityUnit": [
    1000,
    "LF"
  ],
  "Directional": false,
  "Correlated": false,
  "EDP": {
    "Type": "Peak Floor Acceleration",
    "Unit": [
      1,
      "g"
    ],
    "Offset": 1
  },
  "GeneralInformation": {
    "ID": "D2021.013b",
    "Description": "Potable water.  Costing based upon 1000 ft segments.",
    "Author": "Not Given",
    "Official": true,
    "DateCreated": "2019-02-19T17:52:47.1251799-08:00",
    "Approved": true,
    "Incomplete": false,
    "Notes": "Consequence is for piping only.  Enter floor wetting consequence seperately.  Cost includes allowance for MEP relocation to perform work."
  },
  "Ratings": {
    "DataQuality": "Not Rated",
    "DataRelevance": "Not Rated",
    "Documentation": "Not Rated",
    "Rationality": "Not Rated"
  },
  "DSGroups": [
    {
      "MedianEDP": 1.5,
      "Beta": 0.4,
      "CurveType": "LogNormal",
      "DSGroupType": "Single",
      "DamageStates": [
        {
          "Weight": 1.0,
          "LongLeadTime": false,
          "Consequences": {
            "ReconstructionCost": {
              "Amount": [
                418.0,
                342.0
              ],
              "Quantity": [
                3.0,
                10.0
              ],
              "CurveType": "LogNormal",
              "Beta": 0.603,
              "Bounds": [
                0,
                "None"
              ]
            },
            "ReconstructionTime": {
              "Amount": [
                0.4426,
                0.3622
              ],
              "Quantity": [
                3.0,
                10.0
              ],
              "CurveType": "LogNormal",
              "Beta": 0.6527,
              "Bounds": [
                0,
                "None"
              ]
            }
          },
          "Description": "Lateral Brace Failure - 1 failure per 1000 feet of pipe.",
          "RepairMeasures": "Retighten leaking joints.   One joint per 1000 LF."
        }
      ]
    }
  ]
}