{
  "Name": "Steam Piping - Large Diameter Welded Steel - (greater than 2.5 inches in diameter), SDC D, E, or F, PIPING FRAGILITY",
  "QuantityUnit": [
    1000,
    "LF"
  ],
  "Directional": false,
  "Correlated": false,
  "EDP": {
    "Type": "Peak Floor Acceleration",
    "Unit": [
      1,
      "g"
    ],
    "Offset": 1
  },
  "GeneralInformation": {
    "ID": "D2061.023a",
    "Description": "Costing based upon 1000 ft segments of pipe, pipe greater than 2.5 inches in diameter",
    "Author": "Not Given",
    "Official": true,
    "DateCreated": "2019-02-19T17:50:37.0046287-08:00",
    "Approved": true,
    "Incomplete": false,
    "Notes": "Consequence is for piping only.  Enter floor wetting consequence seperately.  Cost includes allowance for MEP relocation to perform work."
  },
  "Ratings": {
    "DataQuality": "Marginal",
    "DataRelevance": "Superior",
    "Documentation": "Marginal",
    "Rationality": "Marginal"
  },
  "DSGroups": [
    {
      "MedianEDP": 2.25,
      "Beta": 0.4,
      "CurveType": "LogNormal",
      "DSGroupType": "Single",
      "DamageStates": [
        {
          "Weight": 1.0,
          "LongLeadTime": false,
          "Consequences": {
            "Injuries": [
              {
                "Amount": 0.0,
                "Beta": 0.0,
                "CurveType": "Normal",
                "Bounds": [
                  0.0,
                  1.0
                ]
              },
              {
                "Amount": 0.0,
                "Beta": 0.0,
                "CurveType": "Normal",
                "Bounds": [
                  0.0,
                  1.0
                ]
              }
            ],
            "ReconstructionCost": {
              "Amount": [
                700.0,
                210.0
              ],
              "Quantity": [
                5.0,
                10.0
              ],
              "CurveType": "LogNormal",
              "Beta": 0.6488,
              "Bounds": [
                0,
                "None"
              ]
            },
            "ReconstructionTime": {
              "Amount": [
                0.7412,
                0.2224
              ],
              "Quantity": [
                5.0,
                10.0
              ],
              "CurveType": "LogNormal",
              "Beta": 0.6953,
              "Bounds": [
                0,
                "None"
              ]
            }
          },
          "Description": "Minor leakage at flange connections  -  1 leak per 1000  feet of pipe.",
          "RepairMeasures": "Retighten flange bolts at leaking joints, 1 joint per 1000 LF.",
          "AffectedArea": [
            0,
            "SF"
          ]
        }
      ]
    },
    {
      "MedianEDP": 4.1,
      "Beta": 0.4,
      "CurveType": "LogNormal",
      "DSGroupType": "Single",
      "DamageStates": [
        {
          "Weight": 1.0,
          "LongLeadTime": false,
          "Consequences": {
            "Injuries": [
              {
                "Amount": 0.05,
                "Beta": 0.5,
                "CurveType": "Normal",
                "Bounds": [
                  0.0,
                  1.0
                ]
              },
              {
                "Amount": 0.0,
                "Beta": 0.0,
                "CurveType": "Normal",
                "Bounds": [
                  0.0,
                  1.0
                ]
              }
            ],
            "ReconstructionCost": {
              "Amount": [
                6700.0,
                2010.0
              ],
              "Quantity": [
                5.0,
                10.0
              ],
              "CurveType": "LogNormal",
              "Beta": 0.4038,
              "Bounds": [
                0,
                "None"
              ]
            },
            "ReconstructionTime": {
              "Amount": [
                7.0942,
                2.1283
              ],
              "Quantity": [
                5.0,
                10.0
              ],
              "CurveType": "LogNormal",
              "Beta": 0.4749,
              "Bounds": [
                0,
                "None"
              ]
            }
          },
          "Description": "Pipe Break - 1 break per 1000 feet of pipe",
          "RepairMeasures": "Replace 20 foot sections of pipe where breaks occur, one per 1000 LF.",
          "AffectedArea": [
            10,
            "SF"
          ]
        }
      ]
    }
  ]
}