{
  "Name": "Air Handling Unit - Capacity: 25000 to <40000 CFM - Equipment that is either hard anchored or is vibration isolated with seismic snubbers/restraints - Combined anchorage/isolator & equipment fragility",
  "QuantityUnit": [
    1,
    "ea"
  ],
  "Directional": false,
  "Correlated": false,
  "EDP": {
    "Type": "Peak Floor Acceleration",
    "Unit": [
      1,
      "g"
    ],
    "Offset": 0
  },
  "GeneralInformation": {
    "ID": "D3052.013l",
    "Description": "Costing is per unit and is based upon 30000 CFM.",
    "Author": "Not Given",
    "Official": true,
    "DateCreated": "2019-02-19T17:51:36.061287-08:00",
    "Approved": true,
    "Incomplete": false,
    "Notes": "User to provide median demand and dispersion values.  The values listed are default PACT values and do not represent the response of this component."
  },
  "Ratings": {
    "DataQuality": "Average",
    "DataRelevance": "Average",
    "Documentation": "Superior",
    "Rationality": "Superior"
  },
  "DSGroups": [
    {
      "MedianEDP": 1.54,
      "Beta": 0.6,
      "CurveType": "LogNormal",
      "DSGroupType": "MutuallyExclusive",
      "DamageStates": [
        {
          "Weight": 0.35,
          "LongLeadTime": false,
          "Consequences": {
            "ReconstructionCost": {
              "Amount": [
                2640.0,
                2160.0
              ],
              "Quantity": [
                1.0,
                5.0
              ],
              "CurveType": "LogNormal",
              "Beta": 0.2885,
              "Bounds": [
                0,
                "None"
              ]
            },
            "ReconstructionTime": {
              "Amount": [
                3.1059,
                2.5411
              ],
              "Quantity": [
                1.0,
                5.0
              ],
              "CurveType": "LogNormal",
              "Beta": 0.3818,
              "Bounds": [
                0,
                "None"
              ]
            }
          },
          "Description": "Anchorage failure.",
          "RepairMeasures": "Repair anchorage and concrete pad and remount equipment.",
          "DamageImageName": "D3052.011a-DS1-1.JPG"
        },
        {
          "Weight": 0.15,
          "LongLeadTime": true,
          "Consequences": {
            "ReconstructionCost": {
              "Amount": [
                207240.0,
                169560.0
              ],
              "Quantity": [
                1.0,
                5.0
              ],
              "CurveType": "LogNormal",
              "Beta": 0.176,
              "Bounds": [
                0,
                "None"
              ]
            },
            "ReconstructionTime": {
              "Amount": [
                37.68,
                7.7576
              ],
              "Quantity": [
                1.0,
                5.0
              ],
              "CurveType": "LogNormal",
              "Beta": 0.3057,
              "Bounds": [
                0,
                "None"
              ]
            }
          },
          "Description": "Anchorage failure & Equipment damaged beyond repair.",
          "RepairMeasures": "Replace equipment including attached utilities in addition to repairing anchorage and concrete pad.  Remove, repair offsite, and reinstall air handler."
        },
        {
          "Weight": 0.35,
          "LongLeadTime": false,
          "Consequences": {
            "ReconstructionCost": {
              "Amount": [
                2200.0,
                1800.0
              ],
              "Quantity": [
                1.0,
                5.0
              ],
              "CurveType": "LogNormal",
              "Beta": 0.1713,
              "Bounds": [
                0,
                "None"
              ]
            },
            "ReconstructionTime": {
              "Amount": [
                2.5882,
                2.1176
              ],
              "Quantity": [
                1.0,
                5.0
              ],
              "CurveType": "LogNormal",
              "Beta": 0.3031,
              "Bounds": [
                0,
                "None"
              ]
            }
          },
          "Description": "Damage to attached ducting or piping but anchorage is OK.",
          "RepairMeasures": "Repair attached ducting or piping - equipment does not require replacement and anchorage does not require repair",
          "DamageImageName": "D3052.011b-DS1-1.JPG"
        },
        {
          "Weight": 0.15,
          "LongLeadTime": true,
          "Consequences": {
            "ReconstructionCost": {
              "Amount": [
                204600.0,
                167400.0
              ],
              "Quantity": [
                1.0,
                5.0
              ],
              "CurveType": "LogNormal",
              "Beta": 0.1745,
              "Bounds": [
                0,
                "None"
              ]
            },
            "ReconstructionTime": {
              "Amount": [
                37.2,
                7.6588
              ],
              "Quantity": [
                1.0,
                5.0
              ],
              "CurveType": "LogNormal",
              "Beta": 0.3049,
              "Bounds": [
                0,
                "None"
              ]
            }
          },
          "Description": "Equipment damaged beyond repair but anchorage is OK.",
          "RepairMeasures": "Replace and install equipment including new anchorage if anchorage is post-installed."
        }
      ]
    }
  ]
}