{
  "Name": "Vertical Filing Cabinet, 2 drawer, unanchored laterally",
  "QuantityUnit": [
    1,
    "EA"
  ],
  "Directional": false,
  "Correlated": false,
  "EDP": {
    "Type": "Peak Floor Acceleration",
    "Unit": [
      1,
      "g"
    ],
    "Offset": 0
  },
  "GeneralInformation": {
    "ID": "E2022.112a",
    "Description": "Filing cabinet, unanchored laterally.  Cabinet has 2 drawers and is 15\" deep x 24\" tall. Median demand based on FEMA P58 Vol3 Background Documentation 3.9.12 A11 and an assumption of W/H = 0.625. Dispersion is a generic 0.5. Repair cost and time assumes that only 10% of the cabinets will experience damage and the repair work mainly involves replacing/refiling the contents.",
    "Author": "Not Given",
    "Official": true,
    "DateCreated": "2019-02-19T17:52:39.1519773-08:00",
    "Approved": true,
    "Incomplete": false,
    "Notes": " "
  },
  "Ratings": {
    "DataQuality": "Not Rated",
    "DataRelevance": "Not Rated",
    "Documentation": "Not Rated",
    "Rationality": "Not Rated"
  },
  "DSGroups": [
    {
      "MedianEDP": 1.15,
      "Beta": 0.5,
      "CurveType": "LogNormal",
      "DSGroupType": "Single",
      "DamageStates": [
        {
          "Weight": 1.0,
          "LongLeadTime": false,
          "Consequences": {
            "ReconstructionCost": {
              "Amount": [100, 100],
              "Quantity": [
                1.0,
                1.0
              ],
              "CurveType": "Normal",
              "Beta": 0.5,
              "Bounds": [
                0,
                "None"
              ]
            },
            "ReconstructionTime": {
              "Amount": [0.1, 0.1],
              "Quantity": [
                1.0,
                1.0
              ],
              "CurveType": "Normal",
              "Beta": 0.5,
              "Bounds": [
                0,
                "None"
              ]
            }
          },
          "Description": "Filing cabinet falls over and contents are scattered.  Likely damage to file cabinet.  ",
          "RepairMeasures": "Replace filing cabinet and refile / replace contents.  "
        }
      ]
    }
  ]
}