{
  "Name": "Modular office work stations.  ",
  "QuantityUnit": [
    1,
    "EA"
  ],
  "Directional": false,
  "Correlated": false,
  "EDP": {
    "Type": "Peak Floor Acceleration",
    "Unit": [
      1,
      "g"
    ],
    "Offset": 0
  },
  "GeneralInformation": {
    "ID": "E2022.001",
    "Description": "Unanchored and installed per manufacturer's recommendations on a carpeted floor. Repair cost and time based on a cubicle that seats 1 person.",
    "Author": "Not Given",
    "Official": true,
    "DateCreated": "2019-02-19T17:52:28.3890537-08:00",
    "Approved": true,
    "Incomplete": false,
    "Notes": " "
  },
  "Ratings": {
    "DataQuality": "Not Rated",
    "DataRelevance": "Not Rated",
    "Documentation": "Not Rated",
    "Rationality": "Not Rated"
  },
  "DSGroups": [
    {
      "MedianEDP": 1.0,
      "Beta": 0.4,
      "CurveType": "LogNormal",
      "DSGroupType": "Single",
      "DamageStates": [
        {
          "Weight": 1.0,
          "LongLeadTime": false,
          "Consequences": {
            "ReconstructionCost": {
              "Amount": [200.0, 200.0],
              "Quantity": [
                1.0,
                1.0
              ],
              "CurveType": "Normal",
              "Beta": 0.5,
              "Bounds": [
                0,
                "None"
              ]
            },
            "ReconstructionTime": {
              "Amount": [0.1, 0.1],
              "Quantity": [
                1.0,
                1.0
              ],
              "CurveType": "Normal",
              "Beta": 0.5,
              "Bounds": [
                0,
                "None"
              ]
            }
          },
          "Description": "Wall units need to be adjusted and straightened.  Some elements are bent / damaged and need to be replaced.  ",
          "RepairMeasures": "Adjust and or straightened wall units.  Replace damaged units.  Assume a repair cost of 5% of the replacement value."
        }
      ]
    }
  ]
}