{
    "DamageAndLoss": {
        "CollapseModes": [
            {
                "affected_area": "1.0",
                "injuries": "0.1, 0.8",
                "name": "complete",
                "weight": "0.4"
            },
            {
                "affected_area": "0.4",
                "injuries": "0.3, 0.5",
                "name": "partial",
                "weight": "0.6"
            }
        ],
        "ComponentDataFolder": "C:/SimCenter/examples/PBE_D3/Fragility Data",
        "Components": {
            "B1031.001": [
                {
                    "cov": "",
                    "direction": "1, 2",
                    "distribution": "N/A",
                    "location": "all",
                    "median_quantity": "4, 4, 4, 4, 4",
                    "unit": "ea"
                }
            ],
            "B1031.011c": [
                {
                    "cov": "",
                    "direction": "1, 2",
                    "distribution": "N/A",
                    "location": "1",
                    "median_quantity": "1, 1, 1, 1",
                    "unit": "ea"
                }
            ],
            "B1031.021c": [
                {
                    "cov": "",
                    "direction": "1, 2",
                    "distribution": "N/A",
                    "location": "all",
                    "median_quantity": "1, 1, 1, 1",
                    "unit": "ea"
                }
            ],
            "B1033.111b": [
                {
                    "cov": "",
                    "direction": "1, 2",
                    "distribution": "N/A",
                    "location": "all",
                    "median_quantity": "1, 1, 1, 1",
                    "unit": "ea"
                }
            ],
            "B2011.201a": [
                {
                    "cov": "0.1",
                    "direction": "1",
                    "distribution": "normal",
                    "location": "all",
                    "median_quantity": "30, 30",
                    "unit": "ft"
                },
                {
                    "cov": "0.1",
                    "direction": "2",
                    "distribution": "normal",
                    "location": "all",
                    "median_quantity": "50, 50, 50, 50",
                    "unit": "ft"
                }
            ],
            "B2011.201b": [
                {
                    "cov": "0.1",
                    "direction": "1",
                    "distribution": "normal",
                    "location": "all",
                    "median_quantity": "30, 30",
                    "unit": "ft"
                },
                {
                    "cov": "0.1",
                    "direction": "2",
                    "distribution": "normal",
                    "location": "all",
                    "median_quantity": "50, 50, 50, 50",
                    "unit": "ft"
                }
            ],
            "B2022.002": [
                {
                    "cov": "0.1",
                    "direction": "1",
                    "distribution": "normal",
                    "location": "all",
                    "median_quantity": "250, 250, 250",
                    "unit": "ft2"
                },
                {
                    "cov": "0.1",
                    "direction": "2",
                    "distribution": "normal",
                    "location": "all",
                    "median_quantity": "1000, 1000, 500",
                    "unit": "ft2"
                }
            ],
            "C1011.011a": [
                {
                    "cov": "0.1",
                    "direction": "1",
                    "distribution": "normal",
                    "location": "all",
                    "median_quantity": "50, 50, 50",
                    "unit": "ft"
                },
                {
                    "cov": "0.1",
                    "direction": "2",
                    "distribution": "normal",
                    "location": "all",
                    "median_quantity": "200, 200, 100",
                    "unit": "ft"
                }
            ],
            "C2011.001a": [
                {
                    "cov": "",
                    "direction": "1",
                    "distribution": "N/A",
                    "location": "all",
                    "median_quantity": "1",
                    "unit": "ea"
                },
                {
                    "cov": "",
                    "direction": "2",
                    "distribution": "N/A",
                    "location": "all",
                    "median_quantity": "1",
                    "unit": "ea"
                }
            ],
            "C3011.001a": [
                {
                    "cov": "0.1",
                    "direction": "1",
                    "distribution": "normal",
                    "location": "all",
                    "median_quantity": "10",
                    "unit": "ft"
                },
                {
                    "cov": "0.1",
                    "direction": "2",
                    "distribution": "normal",
                    "location": "all",
                    "median_quantity": "30",
                    "unit": "ft"
                }
            ],
            "C3032.003a": [
                {
                    "cov": "0.1",
                    "direction": "2",
                    "distribution": "normal",
                    "location": "all",
                    "median_quantity": "1000, 1000, 500",
                    "unit": "ft2"
                }
            ],
            "C3034.002": [
                {
                    "cov": "",
                    "direction": "2",
                    "distribution": "N/A",
                    "location": "all",
                    "median_quantity": "4, 4, 4",
                    "unit": "ea"
                }
            ],
            "D1014.011": [
                {
                    "cov": "",
                    "direction": "2",
                    "distribution": "N/A",
                    "location": "roof",
                    "median_quantity": "1",
                    "unit": "ea"
                }
            ],
            "D2021.013a": [
                {
                    "cov": "0.1",
                    "direction": "2",
                    "distribution": "normal",
                    "location": "all",
                    "median_quantity": "500, 500, 350",
                    "unit": "ft"
                }
            ],
            "D2021.013b": [
                {
                    "cov": "0.1",
                    "direction": "2",
                    "distribution": "normal",
                    "location": "all",
                    "median_quantity": "500, 500, 350",
                    "unit": "ft"
                }
            ],
            "D2022.013a": [
                {
                    "cov": "0.1",
                    "direction": "2",
                    "distribution": "normal",
                    "location": "all",
                    "median_quantity": "200, 200, 200",
                    "unit": "ft"
                }
            ],
            "D2022.013b": [
                {
                    "cov": "0.1",
                    "direction": "2",
                    "distribution": "normal",
                    "location": "all",
                    "median_quantity": "200, 200, 200",
                    "unit": "ft"
                }
            ],
            "D2022.023a": [
                {
                    "cov": "0.1",
                    "direction": "2",
                    "distribution": "normal",
                    "location": "all",
                    "median_quantity": "100, 125",
                    "unit": "ft"
                }
            ],
            "D2022.023b": [
                {
                    "cov": "0.1",
                    "direction": "2",
                    "distribution": "normal",
                    "location": "all",
                    "median_quantity": "100, 125",
                    "unit": "ft"
                }
            ],
            "D2031.023a": [
                {
                    "cov": "0.1",
                    "direction": "2",
                    "distribution": "normal",
                    "location": "all",
                    "median_quantity": "200, 200, 200",
                    "unit": "ft"
                }
            ],
            "D2031.023b": [
                {
                    "cov": "0.1",
                    "direction": "2",
                    "distribution": "normal",
                    "location": "all",
                    "median_quantity": "200, 200, 200",
                    "unit": "ft"
                }
            ],
            "D2061.013a": [
                {
                    "cov": "0.1",
                    "direction": "2",
                    "distribution": "normal",
                    "location": "all",
                    "median_quantity": "25, 25, 25",
                    "unit": "ft"
                }
            ],
            "D2061.013b": [
                {
                    "cov": "0.1",
                    "direction": "2",
                    "distribution": "normal",
                    "location": "all",
                    "median_quantity": "25, 25, 25",
                    "unit": "ft"
                }
            ],
            "D2061.023a": [
                {
                    "cov": "0.1",
                    "direction": "2",
                    "distribution": "normal",
                    "location": "all",
                    "median_quantity": "15",
                    "unit": "ft"
                }
            ],
            "D2061.023b": [
                {
                    "cov": "0.1",
                    "direction": "2",
                    "distribution": "normal",
                    "location": "all",
                    "median_quantity": "15",
                    "unit": "ft"
                }
            ],
            "D3031.013f": [
                {
                    "cov": "",
                    "direction": "2",
                    "distribution": "N/A",
                    "location": "roof",
                    "median_quantity": "1",
                    "unit": "ea"
                }
            ],
            "D3031.023f": [
                {
                    "cov": "",
                    "direction": "2",
                    "distribution": "N/A",
                    "location": "roof",
                    "median_quantity": "1",
                    "unit": "ea"
                }
            ],
            "D3041.011c": [
                {
                    "cov": "0.1",
                    "direction": "2",
                    "distribution": "normal",
                    "location": "all",
                    "median_quantity": "250, 250, 250",
                    "unit": "ft"
                }
            ],
            "D3041.012c": [
                {
                    "cov": "0.1",
                    "direction": "2",
                    "distribution": "normal",
                    "location": "all",
                    "median_quantity": "200, 175",
                    "unit": "ft"
                }
            ],
            "D3052.013l": [
                {
                    "cov": "",
                    "direction": "2",
                    "distribution": "N/A",
                    "location": "roof",
                    "median_quantity": "1",
                    "unit": "ea"
                }
            ],
            "D4011.023a": [
                {
                    "cov": "0.1",
                    "direction": "2",
                    "distribution": "normal",
                    "location": "all",
                    "median_quantity": "1500",
                    "unit": "ft"
                }
            ],
            "D4011.053a": [
                {
                    "cov": "0.1",
                    "direction": "2",
                    "distribution": "normal",
                    "location": "all",
                    "median_quantity": "75",
                    "unit": "ea"
                }
            ],
            "D5012.013b": [
                {
                    "cov": "",
                    "direction": "2",
                    "distribution": "N/A",
                    "location": "roof",
                    "median_quantity": "1",
                    "unit": "ea"
                }
            ],
            "D5012.023l": [
                {
                    "cov": "",
                    "direction": "2",
                    "distribution": "N/A",
                    "location": "all",
                    "median_quantity": "1",
                    "unit": "ea"
                }
            ],
            "D5092.033f": [
                {
                    "cov": "",
                    "direction": "2",
                    "distribution": "N/A",
                    "location": "roof",
                    "median_quantity": "1",
                    "unit": "ea"
                }
            ],
            "E2022.010": [
                {
                    "cov": "0.5",
                    "direction": "1",
                    "distribution": "lognormal",
                    "location": "all",
                    "median_quantity": "10, 10, 10, 10, 10",
                    "unit": "ea"
                }
            ],
            "E2022.023": [
                {
                    "cov": "0.3",
                    "direction": "1",
                    "distribution": "lognormal",
                    "location": "2-6",
                    "median_quantity": "10, 10, 10, 10, 10",
                    "unit": "ea"
                },
                {
                    "cov": "0.3",
                    "direction": "1",
                    "distribution": "lognormal",
                    "location": "1",
                    "median_quantity": "3, 3, 3, 3, 3",
                    "unit": "ea"
                }
            ],
            "E2022.106b": [
                {
                    "cov": "0.5",
                    "direction": "1",
                    "distribution": "lognormal",
                    "location": "2-6",
                    "median_quantity": "5, 5, 5, 5, 5",
                    "unit": "ea"
                }
            ]
        },
        "DamageModel": {
            "CollapseLimits": {
                "PFA": "",
                "PID": "0.08"
            },
            "CollapseProbability": {
                "BasisOfEstimate": "raw EDP",
                "Value": "estimated"
            },
            "IrrepairableResidualDrift": {
                "Beta": "0.3",
                "Median": "0.015",
                "YieldDriftRatio": "0.01"
            }
        },
        "Dependencies": {
            "CostAndTime": false,
            "Fragilities": "per ATC recommendation",
            "Injuries": "Independent",
            "InjurySeverities": false,
            "Quantities": "Independent",
            "ReconstructionCosts": "Independent",
            "ReconstructionTimes": "Independent",
            "RedTagProbabilities": "Independent"
        },
        "LossModel": {
            "DecisionVariables": {
                "Injuries": true,
                "ReconstructionCost": true,
                "ReconstructionTime": true,
                "RedTag": true
            },
            "Inhabitants": {
                "OccupancyType": "Commercial Office",
                "PeakPopulation": "50"
            },
            "ReplacementCost": "20000000",
            "ReplacementTime": "2500"
        },
        "ResponseModel": {
            "AdditionalUncertainty": {
                "GroundMotion": "",
                "Modeling": ""
            },
            "DetectionLimits": {
                "PFA": "",
                "PID": ""
            },
            "ResponseDescription": {
                "BasisOfEDP_Distribution": "non-collapse results",
                "CoupledAssessment": false,
                "EDPDataFile": "C:/SimCenter/examples/PBE_D3/response.csv",
                "EDP_Distribution": "truncated lognormal",
                "Realizations": "10000"
            }
        },
        "_method": "FEMA P58"
    },
    "GeneralInformation": {
        "depth": 0,
        "height": 0,
        "location": {
            "latitude": 37.426,
            "longitude": -122.171
        },
        "name": "",
        "planArea": 960000,
        "stories": 6,
        "units": {
            "force": "kips",
            "length": "in",
            "temperature": "C",
            "time": "sec"
        },
        "width": 0
    }
}
