{
    "author": "Charles",
    "basicSettings": {
        "OpenSeesPath": "/Users/simcenter/Codes/Research/OpenSees/bin/opensees",
        "dampingCoeff": 91.2706696853893,
        "dashpotCoeff": 365.0826787415572,
        "eSizeH": 0.25,
        "eSizeV": 0.25,
        "groundMotion": "/Users/simcenter/Codes/SimCenter/s3hark/Examples/Training/Examples/2D/SRT-GM-Input-Style3.json",
        "groundWaterTable": 2,
        "rockDen": 2.00594878429427,
        "rockVs": 182,
        "simType": "2D1D",
        "slopex1": 0,
        "slopex2": 0
    },
    "materials": [
        {
            "Ado": -1,
            "Den": 1.6083133257878446,
            "Dr": 0.4662524041201569,
            "Fsed_min": -1,
            "G0": 468.3,
            "P_atm": 101.3,
            "Q": 10,
            "R": 1.5,
            "cdr": -1,
            "ce": -1,
            "cgd": 2,
            "ckaf": -1,
            "cz": 250,
            "emax": 0.8,
            "emin": 0.5,
            "h0": -1,
            "hpo": 0.463,
            "id": 1,
            "m": 0.01,
            "nb": 0.5,
            "nd": 0.1,
            "nu": 0.333333,
            "p_sedo": -1,
            "phic": 33,
            "type": "PM4Sand",
            "z_max": -1
        },
        {
            "Ado": -1,
            "Den": 2.00594878429427,
            "Dr": 0.4662524041201569,
            "Fsed_min": -1,
            "G0": 584.1,
            "P_atm": 101.3,
            "Q": 10,
            "R": 1.5,
            "cdr": -1,
            "ce": -1,
            "cgd": 2,
            "ckaf": -1,
            "cz": 250,
            "emax": 0.8,
            "emin": 0.5,
            "h0": -1,
            "hpo": 0.45,
            "id": 2,
            "m": 0.01,
            "nb": 0.5,
            "nd": 0.1,
            "nu": 0.333333,
            "p_sedo": -1,
            "phic": 33,
            "type": "PM4Sand",
            "z_max": -1
        },
        {
            "E": 172757,
            "density": 2.00594878429427,
            "id": 3,
            "poisson": 0.3,
            "type": "Elastic"
        },
        {
            "E": 172757,
            "density": 2.00594878429427,
            "id": 4,
            "poisson": 0.3,
            "type": "Elastic"
        }
    ],
    "name": "Configuration of Site Response Analysis of A Demo Site",
    "soilProfile": {
        "soilLayers": [
            {
                "Dr": 0.4662524041201569,
                "color": "#18ed86",
                "density": 1.6083133257878446,
                "eSize": 0.25,
                "hPerm": 1e-07,
                "id": 1,
                "material": 1,
                "name": "Layer 1",
                "thickness": 2,
                "uBulk": 2200000,
                "vPerm": 1e-07,
                "void": 0.660124278763953,
                "vs": 98.78
            },
            {
                "Dr": 0.4662524041201569,
                "color": "#0cb9c4",
                "density": 2.00594878429427,
                "eSize": 0.25,
                "hPerm": 1e-07,
                "id": 2,
                "material": 2,
                "name": "Layer 2",
                "thickness": 3,
                "uBulk": 2200000,
                "vPerm": 1e-07,
                "void": 0.660124278763953,
                "vs": 100.76
            },
            {
                "Dr": 0.4663,
                "color": "#4cbb2c",
                "density": 2.00594878429427,
                "eSize": 0.25,
                "hPerm": 1e-07,
                "id": 3,
                "material": 3,
                "name": "Layer 3",
                "thickness": 1,
                "uBulk": 2200000,
                "vPerm": 1e-07,
                "void": 0.660124278763953,
                "vs": 182
            },
            {
                "Dr": 0.4663,
                "color": "Black",
                "density": 2.00594878429427,
                "eSize": 0,
                "hPerm": 1e-07,
                "id": 4,
                "material": 4,
                "name": "Rock",
                "thickness": 0,
                "uBulk": 2200000,
                "vPerm": 1e-07,
                "void": 0,
                "vs": 182
            }
        ]
    }
}
